collected_at,full_name,stargazers_count,watchers_count,forks_count,open_issues_count,subscribers_count,size_kb,views_14d,unique_views_14d,clones_14d,unique_clones_14d,web_reads
2026-09-26T08:04:29.160825+00:00,emrepelit109/science-philosophy,0,0,0,0,0,684,,,,,0
2026-09-26T12:28:39.887874+00:00,emrepelit109/science-philosophy,0,0,0,0,0,706,,,,,0
2026-09-26T14:56:30.864804+00:00,0,1,1,42257,42258
2026-09-26T15:16:44.472500+00:00,0,1,1,,21839
2026-09-26T15:34:27.981102+00:00,0,1,1,,21839
2026-09-26T15:49:18.689245+00:00,0,1,1,,21839
2026-09-26T16:03:39.354441+00:00,0,1,1,,21839
2026-09-26T16:22:55.124147+00:00,0,1,1,,21839
2026-09-26T16:40:31.042408+00:00,0,1,1,,21839
2026-09-26T16:54:22.577446+00:00,0,1,1,,21839
2026-09-26T17:12:02.390464+00:00,0,1,1,,21839
2026-09-26T17:29:08.893376+00:00,0,1,1,,21839
2026-09-26T17:44:16.854102+00:00,0,1,1,,21839
2026-09-26T17:56:46.976356+00:00,0,1,1,,21839
2026-09-26T18:20:00.472547+00:00,0,1,1,,21839
2026-09-26T18:39:32.283863+00:00,0,1,1,,21839
2026-09-26T18:55:09.683040+00:00,0,1,1,,21839
2026-09-26T19:12:52.159913+00:00,0,1,1,,21839
2026-09-26T19:28:16.795613+00:00,0,1,1,,21839
2026-09-26T19:42:23.742937+00:00,0,1,1,,21839
2026-09-26T19:55:04.315751+00:00,0,1,1,,21839
2026-09-26T20:13:50.566281+00:00,0,1,1,,21839
2026-09-26T20:31:01.394444+00:00,0,1,1,,21839
2026-09-26T20:46:09.748789+00:00,0,1,1,,21839
2026-09-26T20:58:45.002333+00:00,0,1,1,,21839
2026-09-26T21:18:55.737240+00:00,0,1,1,,21839
2026-09-26T21:34:14.794776+00:00,0,1,1,,21839
2026-09-26T21:47:17.040395+00:00,0,1,1,,21839
2026-09-26T22:00:25.690136+00:00,0,1,1,,21839
2026-09-26T22:19:12.395490+00:00,0,1,1,,21839
2026-09-26T22:35:00.153529+00:00,0,1,1,,21839
2026-09-26T22:50:11.057480+00:00,0,1,1,,21839
2026-09-26T23:04:41.700309+00:00,0,1,1,,21839
2026-09-26T23:21:46.345441+00:00,0,1,1,,21839
2026-09-26T23:36:39.209936+00:00,0,1,1,,21839
2026-09-26T23:50:33.577735+00:00,0,1,1,,21839
2026-09-27T00:08:23.011534+00:00,0,1,1,,21839
2026-09-27T00:35:51.073302+00:00,0,1,1,,21839
2026-09-27T00:54:28.647540+00:00,0,1,1,,21839
2026-09-27T01:12:49.187282+00:00,0,1,1,,21839
2026-09-27T01:30:22.703897+00:00,0,1,1,,21839
2026-09-27T01:46:06.849085+00:00,0,1,1,,21839
2026-09-27T01:59:15.764755+00:00,0,1,1,,21839
2026-09-27T02:20:23.614660+00:00,0,1,1,,21839
2026-09-27T02:38:19.209078+00:00,0,1,1,,21839
2026-09-27T02:53:28.825072+00:00,0,1,1,,21839
2026-09-27T03:11:42.315655+00:00,0,1,1,,21839
2026-09-27T03:30:43.696877+00:00,0,1,1,,21839
2026-09-27T03:47:36.137430+00:00,0,1,1,,21839
2026-09-27T03:59:59.043106+00:00,0,1,1,,21839
2026-09-27T04:20:49.184168+00:00,0,1,1,,21839
2026-09-27T04:39:31.971461+00:00,0,1,1,,21839
2026-09-27T04:54:42.613204+00:00,0,1,1,,21839
2026-09-27T05:13:12.197896+00:00,0,1,1,,21839
2026-09-27T05:30:49.772582+00:00,0,1,1,,21839
2026-09-27T05:46:16.019454+00:00,0,1,1,,21839
2026-09-27T05:58:47.310473+00:00,0,1,1,,21839
2026-09-27T06:24:33.699867+00:00,0,1,1,,21839
2026-09-27T06:46:04.636344+00:00,0,1,1,,21839
2026-09-27T07:00:28.594459+00:00,0,1,1,,21839
2026-09-27T07:20:41.243436+00:00,0,1,1,,21839
2026-09-27T07:37:20.032001+00:00,0,1,1,,21839
2026-09-27T07:52:05.726653+00:00,0,1,1,,21839
2026-09-27T08:09:10.406522+00:00,0,1,1,,21839
2026-09-27T08:28:32.603964+00:00,0,1,1,,21839
2026-09-27T08:45:47.251878+00:00,0,1,1,,21839
2026-09-27T08:58:32.085090+00:00,0,1,1,,21839
2026-09-27T09:18:44.948685+00:00,0,1,1,,21839
